Panasonic ErgoFit In-Ear Earbud Headphone,24833
"AmazonBasics High-Speed HDMI Cable - 6.5 Feet (2 Meters) Supports Ethernet, 3D, 4K and Audio Return",16163
"Mediabridge ULTRA Series HDMI Cable (3 Foot) - High-Speed Supports Ethernet, 3D and Audio Return [Newest Standard]",15675
Clip Plus 4 GB MP3 Player (Black),11779
"High Speed HDMI Cable (1.5 Feet) With Ethernet - CL3 Certified - Supports 3D and Audio Return Channel, 1-Pack",11177
AmazonBasics High Speed HDMI Cable,10740
"VideoSecu ML531BE TV Wall Mount for most 22""-55"" LED LCD Plasma Flat Screen Monitor up to 88 lb VESA 400x400 with Full Motion Swivel Articulating 20 in Extension Arm, HDMI Cable & Bubble Level WP5",10216
CABTE High speed HDMI 1.4 HDMI cable 10ft 1080p with mesh&filters supports 3D&blue ray,9923
"Cheetah APTMM2B TV Wall Mount for 20-75"" TVs up to VESA 600 and 165lbs, and fits 16” And 24” Wall Studs, and includes a Tilt TV Bracket, a 10' Twisted Veins HDMI Cable and a 6"" 3-Axis Magnetic Bubble Level",9365
Sennheiser On-Ear 926MHz Wireless RF Headphones with Charging Cradle,9104
"Bluetooth Speaker, DKnight Magicbox Ultra-Portable Wireless Bluetooth Speaker Powerful Sound with build in Microphone, Works for Cellphone",9005
HDMI-High-Speed,8168
Sanyo NEW 1500 eneloop AA Ni-MH Pre-Charged Rechargeable Batteries,7554
MEElectronics Sport-Fi M6 Noise Isolating In-Ear Headphones with Memory Wire,7248
Sony MDRZX100 Headphones,7235
"Mohu Leaf 30 TV Antenna, Indoor, 30 Mile Range, Original Paper-thin, Reversible, Paintable, 4K-Ready HDTV, 10 Foot Detachable Cable, Premium Materials for Performance, USA Made, MH-110583",6539
AmazonBasics Ultra Thin Indoor HDTV Antenna,6454
Bose SoundLink Mini Bluetooth Speaker,6075
"Belkin 6-Outlet Home and Office Power Strip Surge Protector with 4-Foot Power Cord, 720 Joules (BE106000-04)",5858
Mediabridge 3.5mm Male To Male Stereo Audio Cable (4 Feet) - Step Down Design,5823
"BlueRigger Basic High Speed HDMI Cable - 6.6 Feet - Supports 4K, Ultra HD, 3D, 1080p, Ethernet and Audio Return (Latest Standard)",5816
Apple iPod touch 8GB (4th Generation),5744
"Cheetah Mounts ALAMB Articulating Arm (15” Extension) TV Wall Mount Bracket for 12-24” TVs and Displays up to VESA 100 and up to 40lbs, Including a 10’ Twisted Veins HDMI Cable",5587
JLab JBuds Hi-Fi Noise-Reducing Ear Buds (Purple),5471
JAM Classic Bluetooth Wireless Speaker (Black) HX-P230BK,5381
"Electrohome EAAC601 Projection Alarm Clock with AM/FM Radio, Battery Backup, Auto Time Set, Dual Alarm, Nap/Sleep Timer, Indoor Temperature/Day/Date Display with Dimming, 3.5mm Audio Connection",5073
Mediasonic Homeworx HW110AN Super Thin Indoor HDTV Antenna - 25 Miles Range,5022
TETC Cable (3 Feet) - Optical Digital Audio Cable,4928
Apple iPod touch (5th Generation) NEWEST MODEL,4887
AmazonBasics Digital Optical Audio Toslink Cable - 6 Feet (1.8 Meters),4872
Kinivo Mini Portable Speaker with Rechargeable Battery and Enhanced Bass Resonator,4783
HomeSpot NFC-Enabled Bluetooth Audio Receiver for Sound System,4776
VideoSecu Full Motion Articulating Tilt TV Wall Mount Bracket,4460
Photive CYREN Portable Wireless Bluetooth Speaker with Built in Speakerphone 8 hour Rechargeable Battery,4222
"1byone Amplified HDTV Antenna, with Detachable Amplifier Signal Booster for the Highest Performance and 10 Feet Coaxial Cable-Black",4002
HDMI-DVI Cables,3927
"AmazonBasics High-Speed HDMI Cable - 3 Feet (0.9 Meter) Supports Ethernet, 3D, 4K and Audio Return",3909
OontZ Angle Bluetooth Speaker [ORIGIINAL] Ultra Portable Wireless with Built in Mic up to 10 Hour Playtime works with iPhone iPad tablet Samsung and smart phones - Black Grille,3879
"Anker Classic Portable Wireless Bluetooth Speaker, Powerful Sound with Enhanced Bass, 20 Hour Battery Life, and Built-in Mic, works with iPhone, iPad,Nexus, Laptops and More",3872
"Logitech Harmony 650 Infrared All in One Remote Control, Universal Remote, Programmable Remote (Silver)",3856
SDMX22-004G-PAR,3825
Skullcandy Ink'd Mic'd 2,3754
PORTTA Auto-Switching 3-Port HDMI2,3748
VideoSecu Mounts Tilt TV Wall Mount,3747
BlueRigger High Speed HDMI Cable with Ethernet (15 ft) - CL3 Rated - supports 3D and Audio Return [Latest HDMI version],3721
"Sony ICF-S10MK2 Pocket AM/FM Radio, Silver",3680
Apple iPod nano 16GB (7th Generation),3612
BlueRigger High Speed Micro HDMI to HDMI cable with Ethernet,3490
"Kinivo 501BN Premium 5 port High speed HDMI switch with IR wireless remote and AC Power adapter - supports 3D, 1080p",3482
Belkin Pivot Surge Protector with 6ft Cord and Telephone Protection,3443
Ceptics Grounded Universal Plug Adapter,3402
(NEW) AYL Portable Bluetooth Wireless Version 4.0 Rechargeable Mini Speaker System for PC / Cell Phone / Tablet / MP3 Player + 3 Year Warranty,3338
iHome Portable Speaker for MP3 Players,3220
AmazonBasics HDMI to DVI  Adapter Cable - 9.8 Feet (3 Meters),3210
"Cheetah Mounts APDAM2B Dual Articulating Arm (20” Extension) TV Wall Mount Bracket for 32-65” TVs (many up to 75” or more) up to VESA 600 and 165lbs, including a Twisted Veins 10’ HDMI Cable and a 6” 3-Axis Magnetic Bubble Level",3199
"High Speed HDMI Cable Supports Ethernet, 3D and Audio Return",3195
Kinivo HDMI Switch 301BN Premium 3 Port Wireless Remote & AC Power Adapter,3190
Chromo Inc® 2x Pack 3.5mm Auxiliary Cable 1 Angled and 1 Flat Audio Music Aux,3157
Sennheiser Digital Wireless Headphones,3142
Klipsch IMAGE S4 -Ear Enhanced Bass Noise-Isolating Headphones,3013
RCA Compact Outdoor Yagi HDTV Antenna with 70 Mile Range,2955
Skullcandy INK'd Earbuds,2946
"Zeimax Q38i Super Bass Inear Headphone Earphone Headset For Apple iPhone 6 / 6 Plus / 5 / 5S /5C, HTC One (E8), One (M8), Samsung Galaxy S5 Android Smartphone (Black)",2928
"Jarv NMotion Sport Wireless Bluetooth 4.0 Stereo Earbuds/Headphones with In-Line Microphone , Black",2910
"Wall Mount Surge Protector with USB Charger, 3 Outlets, 918 Joules, Gray/White",2899
"Mediabridge - 3.5mm Male To (2) RCA Stereo Audio Cable- Step Down Design accommodates iPhone, iTouch, SmartPhones & MP3 cases",2884
V-MODA Crossfade LP Over-the-Ear Headphones,2857
"X-Mini II XAM4-B Portable Capsule Speaker, Mono",2829
Koss Porta Pro On Ear Headphones with Case,2815
"Sennheiser CX 300 II Precision Enhanced Bass Earbuds, Black",2802
Apple iPod classic 160 GB (7th Generation) NEWEST MODEL,2762
Terk HDTVAZ Amplified Indoor HDTV Antenna,2757
Bose QuietComfort 15 Acoustic Noise Cancelling Headphones (Discontinued by Manufacturer),2718
Sennheiser Headphones,2702
"FINIGO 3.5mm In-Ear Stereo Earphones w/ On-off & Mic For Apple iPhone 6 / 6 Plus / 5 / 5S /5C, HTC One (E8), One (M8), Samsung Galaxy S5 Android Smartphone",2688
Cable Matters Mini DisplayPort (Thunderbolt 2 Port Compatible) to HDTV Cable,2683
Panasonic Lightweight Headphones with XBS Port,2618
"Cheetah Mounts APDAM3B Dual Articulating Arm TV Wall Mount Bracket for 20-65” TVs up to VESA 400 and 115lbs, Mounts to Two 16"" studs and includes a Twisted Veins 10’ HDMI Cable and a 6” 3-Axis Magnetic Bubble Level",2613
Bose SoundLink Color Bluetooth Speaker (Black),2577
SENNHEISER Headphones,2563
"VideoSecu TV Wall Mount Articulating Arm Monitor Bracket for most 12""-24"", some up to 27"" LCD LED Plasma Flat Panel Screen TV with VESA 100/75mm ML10B 1E9",2551
Mohu Leaf 50 TV Antenna Amplified 50 Mile Range MH-110584,2509
"SHARKK® Bluetooth 4.0 BoomBox Speaker, 18 Hour Playtime, 10 Watt Portable Speaker System, 4400 mAh Li-ion Battery, Ultra Bass Subwoofer Sound Effect / Built In Mic For Calls / NFC Function / For All iPhone / iPhone 6 / iPhone 6 Plus / All iPad / iPad Air 2 / All Phones / Samsung Galaxy Phones and Tablets / Laptops",2505
ZAZUS002577,2484
Philips SHS3200WT/37 Flexible Earhook Headphones White,2464
C&E HDMI Supports 3D,2463
HDMI Cable 15 feet,2416
[UL Listed] Pwr+ 6.5 Ft Extra Long 2.1A Rapid USB Charger Cord Power Adapter for Tablets and eReaders for Use with New Hd Hdx Tablet Phone for Accelerated Charging,2406
Symphonized NRG Premium Genuine Wood In-ear Noise-isolating Headphones|Earbuds|Earphones with Microphone,2406
Mediabridge Toslink Cable - Optical Digital Audio Cable,2398
Photive BTH3 Over-The-Ear Wireless Bluetooth Headphones with Built-in Mic and 12 Hour Battery. Includes Hard Travel Case.,2389
Winegard Outdoor HDTV Antenna,2388
Verbatim 4.7GB up to 16x Branded Recordable Disc DVD-R 100-Disc Spindle 95102,2376
OREI 3 in 1 Schuko Travel Adapter Plug with USB and Surge Protection,2343
Mediabridge Micro-HDMI to HDMI Cable with Ethernet - FLEX Series High Speed,2342
Sony High-Resolution Noise Cancellation Audio Headset,2340
"Verbatim 700MB 52X 80 Minute Branded Recordable Disc CD-R, 10-Disc 97955",2303
Bunker Bomb with Super Shaker SBC575ss,2300
Sony ICF38 Portable AM/FM Radio (Black),2292
APC Back-UPS 350VA UPS Battery Backup & Surge Protector (BE350G),2265
